id,class1,class2,class3,class4
1,0.56023,0.59614,0.93542,0.44456
2,0.54416,0.51354,0.98959,0.49055
3,0.84228,0.89583,0.46572,0.69443
4,0.78797,0.18583,0.3638,0.93081
5,0.53637,0.093502,0.090336,0.15515
6,0.0018304,0.056556,0.8442,0.052681
7,0.37015,0.047637,0.41371,0.60868
8,0.43612,0.68272,0.75736,0.24294
9,0.6332,0.47551,0.55403,0.5583
10,0.14678,0.92701,0.47624,0.6785
11,0.56537,0.41136,0.26659,0.4665
12,0.40312,0.87001,0.13528,0.65841
13,0.053982,0.71,0.077701,0.80835
14,0.13598,0.94237,0.84659,0.85644
15,0.39051,0.48017,0.33704,0.71088
16,0.45756,0.43461,0.67399,0.26333
17,0.33191,0.51207,0.10443,0.29611
18,0.85733,0.52449,0.58737,0.18585
19,0.60716,0.46905,0.1148,0.59938
20,0.19712,0.95854,0.24935,0.7783
21,0.14352,0.8561,0.41417,0.095766
22,0.76738,0.30553,0.71547,0.40998
23,0.65272,0.72032,0.86967,0.63125
24,0.34228,0.85462,0.81543,0.76531
25,0.056611,0.30769,0.23245,0.51561
26,0.42036,0.1568,0.34634,0.046789
27,0.46086,0.077107,0.96061,0.44064
28,0.5355,0.74809,0.30131,0.78127
29,0.82842,0.53421,0.1542,0.99115
30,0.99837,0.45392,0.74444,0.84928
31,0.38241,0.79243,0.28289,0.059986
32,0.19008,0.21878,0.32884,0.76673
33,0.99239,0.30651,0.0013319,0.72491
34,0.67994,0.73154,0.56391,0.75468
35,0.9349,0.45993,0.44413,0.20143
36,0.63641,0.40504,0.16136,0.32384
37,0.6487,0.25169,0.70346,0.59708
38,0.38261,0.58114,0.54403,0.97711
39,0.027874,0.80833,0.25462,0.45143
40,0.59307,0.050434,0.39311,0.49631
41,0.73131,0.14875,0.24462,0.97166
42,0.65312,0.49141,0.58269,0.763
43,0.061962,0.89169,0.052743,0.97977
44,0.15304,0.31302,0.60229,0.20283
45,0.75565,0.28283,0.039971,0.031669
46,0.49583,0.064712,0.86241,0.15815
47,0.38437,0.060515,0.34311,0.7197
48,0.28832,0.57909,0.11223,0.77728
49,0.18637,0.83696,0.59343,0.64496
50,0.94734,0.34739,0.63008,0.33806
51,0.39806,0.34843,0.78138,0.65465
52,0.13915,0.041527,0.73651,0.045656
53,0.54137,0.39132,0.7916,0.86748
54,0.030516,0.86631,0.64871,0.10296
55,0.54845,0.025259,0.91191,0.94697
56,0.39659,0.17138,0.60608,0.3795
57,0.76095,0.83093,0.73645,0.13452
58,0.16278,0.012831,0.71325,0.31288
59,0.4681,0.46669,0.68999,0.89868
60,0.59364,0.83162,0.91987,0.78079
61,0.085334,0.90027,0.96955,0.19304
62,0.49714,0.50705,0.32893,0.17394
63,0.7769,0.83873,0.094816,0.89332
64,0.13382,0.56766,0.80653,0.77076
65,0.70019,0.77396,0.68273,0.79212
66,0.83073,0.31272,0.17325,0.21356
67,0.51315,0.10759,0.48101,0.19337
68,0.0048138,0.69458,0.93934,0.64674
69,0.35671,0.74175,0.13807,0.11129
70,0.97302,0.39693,0.65965,0.50591
71,0.14466,0.34659,0.19404,0.68492
72,0.77477,0.054359,0.62648,0.15703
73,0.36098,0.37487,0.62074,0.37337
74,0.28158,0.36686,0.44098,0.80837
75,0.54341,0.28417,0.65895,0.90932
76,0.40724,0.91439,0.44715,0.16069
77,0.9203,0.66015,0.8516,0.73795
78,0.3569,0.42553,0.70733,0.5557
79,0.11251,0.6251,0.42855,0.18786
80,0.25508,0.60012,0.6202,0.69001
81,0.15568,0.98051,0.64119,0.29982
82,0.81311,0.76433,0.88775,0.63227
83,0.62964,0.7189,0.9936,0.23578
84,0.65937,0.88066,0.72835,0.48934
85,0.66412,0.01065,0.50582,0.75826
86,0.54728,0.57154,0.048929,0.62021
87,0.28595,0.9716,0.10822,0.24778
88,0.097313,0.53363,0.8583,0.65321
89,0.83122,0.062717,0.91594,0.33079
90,0.31502,0.5647,0.67166,0.1192
91,0.59878,0.22813,0.46234,0.65686
92,0.46877,0.44058,0.96139,0.94732
93,0.65821,0.098906,0.079917,0.84115
94,0.261,0.12712,0.38591,0.14639
95,0.28453,0.80163,0.016436,0.68749
96,0.69106,0.25488,0.59191,0.66421
97,0.97348,0.49993,0.56824,0.51049
98,0.28256,0.523,0.012271,0.43472
99,0.85399,0.019605,0.58981,0.38359
100,0.90133,0.87701,0.36022,0.84229
101,0.83775,0.4601,0.025435,0.25084
102,0.75228,0.97994,0.97858,0.29148
103,0.25913,0.56947,0.13219,0.56097
104,0.94714,0.8743,0.55058,0.62666
105,0.84713,0.24152,0.86344,0.44972
106,0.84237,0.11756,0.68254,0.86443
107,0.77716,0.1514,0.034969,0.95396
108,0.47376,0.059494,0.4402,0.81653
109,0.85117,0.20021,0.43983,0.72006
110,0.92918,0.86824,0.76611,0.12204
111,0.024244,0.77087,0.99984,0.082954
112,0.72909,0.93187,0.25747,0.83912
113,0.46632,0.080753,0.88581,0.35055
114,0.59119,0.069891,0.049722,0.90564
115,0.9845,0.97731,0.33166,0.57789
116,0.84701,0.5217,0.72955,0.051087
117,0.9767,0.7877,0.4987,0.21565
118,0.34486,0.30975,0.54666,0.14668
119,0.27736,0.11852,0.22464,0.4163
120,0.31641,0.48543,0.12298,0.87756
121,0.33649,0.41528,0.48521,0.092959
122,0.5481,0.91584,0.87404,0.92984
123,0.28521,0.15946,0.64143,0.93584
124,0.91586,0.20361,0.44824,0.26536
125,0.67068,0.15009,0.13714,0.035679
126,0.78549,0.9577,0.14116,0.46647
127,0.18301,0.74868,0.9826,0.58438
128,0.14089,0.20645,0.97188,0.72674
129,0.055745,0.6657,0.42889,0.33349
130,0.61837,0.21956,0.75604,0.063682
131,0.58994,0.4493,0.55859,0.89164
132,0.37504,0.94037,0.75665,0.82896
133,0.022618,0.58194,0.97592,0.37295
134,0.15925,0.14773,0.041874,0.76546
135,0.50677,0.62953,0.351,0.4374
136,0.78717,0.1843,0.47665,0.51827
137,0.76204,0.082893,0.17494,0.56019
138,0.93432,0.21393,0.3559,0.24551
139,0.79518,0.52644,0.88847,0.12831
140,0.45426,0.6667,0.069153,0.61048
141,0.3444,0.459,0.092747,0.61357
142,0.13286,0.21546,0.2058,0.23493
143,0.56123,0.22028,0.6152,0.85761
144,0.20762,0.89009,0.27343,0.1153
145,0.11801,0.30155,0.74779,0.88252
146,0.76765,0.25006,0.30573,0.38891
147,0.45726,0.89662,0.76544,0.29982
148,0.72584,0.11973,0.25289,0.75291
149,0.10673,0.6652,0.67102,0.26517
150,0.43914,0.32747,0.13191,0.52555
151,0.55739,0.32609,0.94245,0.22923
152,0.85558,0.82549,0.44458,0.056386
153,0.91193,0.55021,0.358,0.82778
154,0.35133,0.64478,0.1698,0.11581
155,0.37236,0.84513,0.49907,0.54192
156,0.10224,0.595,0.45217,0.62468
157,0.65759,0.33099,0.066216,0.00037582
158,0.21881,0.21141,0.88788,0.16362
159,0.86643,0.62569,0.90778,0.0095166
160,0.3934,0.26306,0.78265,0.753
161,0.45388,0.97565,0.47194,0.70371
162,0.18175,0.16136,0.79614,0.35634
163,0.067439,0.79454,0.87565,0.67041
164,0.78455,0.92443,0.67225,0.090995
165,0.80187,0.46631,0.070383,0.82265
166,0.46342,0.61357,0.12447,0.42322
167,0.85242,0.41049,0.42537,0.10159
168,0.62565,0.96922,0.78267,0.097589
169,0.18049,0.6532,0.58915,0.10636
170,0.03007,0.77141,0.47214,0.6187
171,0.12978,0.41517,0.033788,0.20099
172,0.31561,0.14907,0.18007,0.4232
173,0.73153,0.49432,0.93182,0.80902
174,0.77298,0.84869,0.59076,0.32892
175,0.14857,0.67779,0.50634,0.27335
176,0.7958,0.44593,0.21844,0.81883
177,0.16535,0.49708,0.95205,0.20647
178,0.7171,0.15613,0.36226,0.65457
179,0.078557,0.69787,0.45855,0.57601
180,0.39387,0.20469,0.83081,0.56371
181,0.81583,0.67737,0.79067,0.31468
182,0.52998,0.12451,0.44102,0.14566
183,0.94736,0.59547,0.62403,0.13022
184,0.31668,0.77292,0.95551,0.84267
185,0.57817,0.57958,0.66348,0.47461
186,0.19023,0.68393,0.26649,0.2317
187,0.39226,0.4273,0.72315,0.78104
188,0.99876,0.27681,0.56108,0.68242
189,0.34369,0.97804,0.97298,0.16122
190,0.90857,0.96492,0.30087,0.14119
191,0.69767,0.72805,0.49702,0.66874
192,0.02977,0.72478,0.28395,0.65873
193,0.48128,0.64496,0.074208,0.64381
194,0.67691,0.08585,0.1114,0.18679
195,0.40248,0.5279,0.075307,0.8221
196,0.15409,0.85154,0.99619,0.61375
197,0.56117,0.20999,0.5996,0.93222
198,0.94933,0.82674,0.78897,0.66142
199,0.9593,0.20641,0.86127,0.2492
200,0.98994,0.4755,0.82707,0.046692
201,0.83601,0.29993,0.93692,0.037141
202,0.65408,0.34497,0.035853,0.71827
203,0.86917,0.92795,0.13971,0.24342
204,0.86377,0.030121,0.72544,0.14568
205,0.76192,0.72004,0.87209,0.043955
206,0.16527,0.37622,0.3741,0.80883
207,0.079474,0.58803,0.21619,0.84072
208,0.50889,0.32995,0.57601,0.22952
209,0.09304,0.86493,0.025647,0.74784
210,0.43786,0.85495,0.043505,0.28195
211,0.31197,0.5481,0.93345,0.33825
212,0.37915,0.043414,0.40165,0.32921
213,0.99559,0.53358,0.78492,0.066634
214,0.86949,0.82527,0.24263,0.077153
215,0.94791,0.56627,0.60854,0.49483
216,0.2543,0.21924,0.89318,0.3761
217,0.048492,0.32334,0.62942,0.41659
218,0.83184,0.065043,0.92415,0.61969
219,0.68873,0.37382,0.9958,0.66353
220,0.59602,0.25853,0.15009,0.63551
221,0.21474,0.2606,0.024797,0.3402
222,0.53517,0.47249,0.91126,0.74476
223,0.055756,0.094833,0.148,0.69551
224,0.43105,0.063145,0.089943,0.58658
225,0.19074,0.81648,0.71569,0.88274
226,0.32778,0.068448,0.17501,0.95721
227,0.93766,0.29764,0.15972,0.86008
228,0.84737,0.78757,0.47893,0.32036
229,0.25698,0.45637,0.94873,0.66359
230,0.37721,0.91018,0.74107,0.90563
231,0.73351,0.55067,0.67233,0.68541
232,0.78222,0.42922,0.070345,0.99912
233,0.011637,0.39905,0.30611,0.49939
234,0.22171,0.063297,0.93683,0.2729
235,0.067072,0.71619,0.85694,0.69341
236,0.70565,0.71992,0.89085,0.99501
237,0.87593,0.74117,0.58859,0.21038
238,0.27748,0.68937,0.16259,0.41573
239,0.6928,0.26042,0.17605,0.16201
240,0.13901,0.00987,0.74756,0.24972
241,0.37477,0.3501,0.94529,0.39371
242,0.83588,0.89616,0.65798,0.34017
243,0.69575,0.74324,0.54383,0.92852
244,0.6949,0.29399,0.59765,0.45272
245,0.85336,0.18434,0.2346,0.52657
246,0.29459,0.16296,0.81977,0.50115
247,0.65097,0.07579,0.7885,0.81033
248,0.29863,0.43698,0.58906,0.80484
249,0.94468,0.27162,0.43626,0.11782
250,0.78079,0.23711,0.54974,0.61835
251,0.82502,0.14655,0.35297,0.77273
252,0.73618,0.47082,0.99579,0.28484
253,0.79367,0.72859,0.36496,0.26912
254,0.40516,0.3914,0.96617,0.46612
255,0.13061,0.15602,0.024741,0.37125
256,0.15956,0.14159,0.77784,0.47924
257,0.81664,0.90452,0.44018,0.43821
258,0.030554,0.35242,0.6305,0.25523
259,0.54399,0.15946,0.31402,0.14114
260,0.8235,0.87188,0.92182,0.26617
261,0.9484,0.80371,0.22332,0.34848
262,0.46027,0.73415,0.37449,0.25252
263,0.0695,0.49217,0.30814,0.017718
264,0.5224,0.40184,0.037822,0.45075
265,0.19586,0.8626,0.60517,0.90458
266,0.29871,0.18084,0.83586,0.65706
267,0.97572,0.92557,0.58825,0.14343
268,0.16532,0.82204,0.36345,0.2585
269,0.77735,0.68658,0.13989,0.79126
270,0.34138,0.46916,0.11653,0.72738
271,0.4741,0.88794,0.98122,0.82312
272,0.10024,0.98236,0.54169,0.9363
273,0.060182,0.032336,0.08651,0.19117
274,0.86172,0.82477,0.2561,0.52694
275,0.070872,0.65932,0.20978,0.28061
276,0.8828,0.44828,0.31461,0.40839
277,0.39384,0.57372,0.90375,0.23985
278,0.44005,0.79792,0.5207,0.35756
279,0.35073,0.63276,0.16224,0.16432
280,0.032351,0.7897,0.14361,0.0025297
281,0.72557,0.059559,0.064053,0.40666
282,0.35349,0.38941,0.85465,0.27962
283,0.64106,0.42023,0.97446,0.17728
284,0.77159,0.66407,0.92903,0.58566
285,0.67708,0.63447,0.40952,0.72152
286,0.48587,0.8853,0.90161,0.72126
287,0.81213,0.61151,0.4845,0.50859
288,0.075997,0.61535,0.46967,0.32593
289,0.028333,0.87716,0.16783,0.45484
290,0.43351,0.76686,0.082858,0.29688
291,0.14348,0.75009,0.63316,0.68303
292,0.80804,0.11562,0.31098,0.92473
293,0.0017548,0.20409,0.46635,0.29175
294,0.096222,0.11626,0.21107,0.47599
295,0.42168,0.84146,0.0014457,0.39154
296,0.23511,0.38157,0.79761,0.3189
297,0.9563,0.45405,0.36805,0.40019
298,0.37149,0.073887,0.015138,0.87759
299,0.49132,0.025165,0.71498,0.95316
300,0.26751,0.96111,0.21858,0.0043834
301,0.57628,0.15839,0.68872,0.60143
302,0.52005,0.93364,0.24601,0.78558
303,0.97887,0.23677,0.26608,0.63851
304,0.66074,0.075554,0.13207,0.11701
305,0.84624,0.67256,0.34421,0.71051
306,0.087144,0.084327,0.75439,0.09775
307,0.42288,0.062168,0.88924,0.58477
308,0.041406,0.69517,0.71044,0.84756
309,0.60213,0.002059,0.24648,0.23073
310,0.73145,0.15686,0.45139,0.19599
311,0.68263,0.27455,0.93122,0.037828
312,0.061032,0.31523,0.61567,0.82755
313,0.6765,0.71404,0.25829,0.028262
314,0.30708,0.57179,0.6311,0.36724
315,0.34829,0.51519,0.69553,0.17481
316,0.7265,0.57733,0.40366,0.50407
317,0.10709,0.0049427,0.19348,0.49599
318,0.2525,0.35223,0.30707,0.86488
319,0.43893,0.54473,0.69295,0.57114
320,0.58718,0.092064,0.63036,0.17102
321,0.30701,0.27232,0.24982,0.90835
322,0.43547,0.59073,0.043422,0.66364
323,0.31034,0.0046273,0.53145,0.50269
324,0.91597,0.030751,0.1762,0.82208
325,0.65842,0.37671,0.5219,0.2877
326,0.17691,0.16552,0.87128,0.88097
327,0.6451,0.30622,0.61361,0.53144
328,0.035293,0.26997,0.27143,0.092594
329,0.78261,0.30721,0.85454,0.48354
330,0.001804,0.58402,0.15746,0.3218
331,0.38452,0.53852,0.25942,0.54308
332,0.67247,0.79067,0.67058,0.9567
333,0.039491,0.37272,0.22596,0.36752
334,0.43476,0.75201,0.82597,0.026461
335,0.17438,0.65258,0.3241,0.73951
336,0.58321,0.55194,0.48839,0.32488
337,0.19104,0.85092,0.76372,0.66529
338,0.38364,0.42525,0.73768,0.49785
339,0.88218,0.5744,0.63603,0.85769
340,0.0018414,0.76825,0.24914,0.74863
341,0.6802,0.53951,0.73432,0.39792
342,0.28251,0.98427,0.33951,0.51411
343,0.82141,0.10559,0.30277,0.58376
344,0.29411,0.301,0.12714,0.50824
345,0.3901,0.37985,0.01014,0.73387
346,0.95108,0.47272,0.92493,0.72859
347,0.83525,0.22257,0.91001,0.19413
348,0.89022,0.32074,0.38215,0.45489
349,0.93259,0.22685,0.70139,0.51862
350,0.12936,0.021758,0.67234,0.14909
351,0.34829,0.015473,0.12767,0.78194
352,0.71361,0.78385,0.20097,0.16543
353,0.62515,0.018647,0.90283,0.49522
354,0.83362,0.90273,0.89184,0.25918
355,0.2205,0.1966,0.37768,0.62176
356,0.31932,0.60903,0.25019,0.45711
357,0.21939,0.52287,0.6027,0.25546
358,0.028035,0.70673,0.62545,0.5344
359,0.68021,0.3532,0.019683,0.091621
360,0.28615,0.75889,0.81973,0.56153
361,0.030791,0.50558,0.51794,0.8522
362,0.28445,0.76577,0.90943,0.72749
363,0.11319,0.36253,0.11862,0.5387
364,0.071623,0.92502,0.94615,0.67162
365,0.58102,0.9011,0.92704,0.86068
366,0.010961,0.55171,0.094805,0.55193
367,0.8435,0.52103,0.41526,0.91068
368,0.066062,0.17902,0.32286,0.55675
369,0.4841,0.60892,0.84625,0.85834
370,0.1624,0.72796,0.94795,0.45276
371,0.42196,0.87594,0.72922,0.16062
372,0.86306,0.47332,0.68385,0.23722
373,0.65641,0.75221,0.64141,0.61174
374,0.96247,0.18105,0.31588,0.43372
375,0.39576,0.021336,0.73215,0.60716
376,0.41193,0.12927,0.15765,0.23666
377,0.77926,0.86005,0.76007,0.93352
378,0.90205,0.79671,0.09191,0.70341
379,0.66931,0.18759,0.96765,0.67564
380,0.17138,0.17122,0.60897,0.39364
381,0.31978,0.67557,0.89495,0.6475
382,0.27121,0.39989,0.19415,0.44926
383,0.2308,0.93553,0.98806,0.98997
384,0.70249,0.47624,0.24131,0.093615
385,0.30947,0.40224,0.22342,0.46837
386,0.97387,0.19002,0.402,0.69368
387,0.86244,0.33707,0.78091,0.94182
388,0.61977,0.44098,0.83921,0.63151
389,0.87945,0.13798,0.4095,0.61712
390,0.30711,0.98034,0.4024,0.64353
391,0.6262,0.43965,0.77175,0.15153
392,0.63398,0.80384,0.24912,0.24467
393,0.3012,0.81767,0.86574,0.55014
394,0.58295,0.23153,0.68219,0.24131
395,0.10768,0.64126,0.97739,0.50406
396,0.79841,0.25781,0.18552,0.80125
397,0.87514,0.12411,0.21618,0.66352
398,0.64767,0.40706,0.31292,0.036773
399,0.055069,0.067692,0.75201,0.20803
400,0.93856,0.10976,0.36774,0.40312
401,0.057961,0.52956,0.60446,0.91824
402,0.24914,0.2115,0.38343,0.60799
403,0.37512,0.025967,0.55049,0.2183
404,0.41353,0.99412,0.38544,0.34892
405,0.16518,0.74464,0.66544,0.26792
406,0.94197,0.98224,0.014714,0.38539
407,0.12804,0.95138,0.81312,0.87828
408,0.75539,0.47161,0.34986,0.55502
409,0.64016,0.98754,0.71552,0.32491
410,0.30662,0.85292,0.95889,0.64854
411,0.11572,0.30908,0.50742,0.6104
412,0.95555,0.95174,0.66617,0.088963
413,0.82415,0.11365,0.42947,0.36681
414,0.1522,0.11727,0.8495,0.93995
415,0.39289,0.00069541,0.65423,0.92281
416,0.46276,0.30316,0.50426,0.26086
417,0.73782,0.36918,0.36852,0.26457
418,0.87565,0.12034,0.68525,0.78033
419,0.97384,0.71191,0.099208,0.40191
420,0.72388,0.95751,0.047647,0.88646
421,0.62291,0.32229,0.86934,0.45219
422,0.84209,0.78898,0.65187,0.49699
423,0.37804,0.67149,0.61046,0.37296
424,0.89868,0.10961,0.42195,0.38171
425,0.78876,0.72396,0.50371,0.45809
426,0.9088,0.8826,0.16414,0.71778
427,0.42141,0.00049313,0.093172,0.72995
428,0.070587,0.10194,0.68532,0.33613
429,0.90752,0.37038,0.14267,0.4643
430,0.61274,0.91469,0.52871,0.37771
431,0.75034,0.99899,0.0035728,0.06395
432,0.5804,0.17049,0.42506,0.9827
433,0.99452,0.17262,0.22434,0.59629
434,0.16587,0.10307,0.65994,0.45014
435,0.70882,0.60615,0.5031,0.97201
436,0.1667,0.41189,0.60006,0.68865
437,0.079331,0.25578,0.20017,0.48798
438,0.63408,0.20168,0.1374,0.35735
439,0.55148,0.18769,0.023789,0.43149
440,0.77227,0.88377,0.93954,0.20619
441,0.054883,0.63141,0.6955,0.54485
442,0.046642,0.62243,0.55423,0.9575
443,0.58251,0.65827,0.29541,0.18701
444,0.76174,0.17708,0.042632,0.7702
445,0.18526,0.62585,0.85376,0.83738
446,0.53596,0.87646,0.59668,0.90831
447,0.5737,0.1782,0.018527,0.63066
448,0.60494,0.64557,0.93319,0.59359
449,0.040792,0.88412,0.0097883,0.7726
450,0.27012,0.25052,0.64096,0.27307
451,0.17895,0.58622,0.78869,0.0082376
452,0.52773,0.48687,0.5265,0.26842
453,0.73508,0.83909,0.29125,0.53385
454,0.91763,0.051676,0.62833,0.22514
455,0.030598,0.73947,0.42547,0.91249
456,0.82422,0.55452,0.54637,0.11274
457,0.84739,0.42947,0.1908,0.26634
458,0.46964,0.77972,0.74449,0.4798
459,0.37032,0.39667,0.21286,0.66093
460,0.075637,0.35723,0.10012,0.83595
461,0.16996,0.65947,0.89638,0.63471
462,0.67196,0.39417,0.82234,0.80684
463,0.59013,0.17848,0.88278,0.57242
464,0.66779,0.054295,0.088124,0.49171
465,0.45026,0.24712,0.70019,0.80151
466,0.79194,0.90181,0.17022,0.44105
467,0.4558,0.98244,0.83304,0.04887
468,0.89447,0.48411,0.72806,0.98746
469,0.072557,0.14475,0.77589,0.74925
470,0.63544,0.51167,0.7635,0.57864
471,0.80862,0.99353,0.057099,0.33417
472,0.3211,0.76257,0.60985,0.59335
473,0.53607,0.96602,0.89847,0.90164
474,0.86608,0.92988,0.51613,0.84295
475,0.53422,0.23649,0.50617,0.86842
476,0.79361,0.097522,0.25562,0.10364
477,0.58623,0.40977,0.9716,0.78731
478,0.88151,0.13117,0.58112,0.40596
479,0.44318,0.75457,0.96839,0.30697
480,0.093164,0.3481,0.041438,0.02652
481,0.9295,0.44978,0.18863,0.71046
482,0.41857,0.19934,0.51976,0.84363
483,0.5267,0.73652,0.64085,0.049888
484,0.69094,0.20337,0.34073,0.24563
485,0.054657,0.76816,0.64833,0.95016
486,0.34041,0.24128,0.35544,0.11008
487,0.79279,0.61373,0.85043,0.95797
488,0.0065451,0.34577,0.5428,0.34539
489,0.054202,0.72263,0.67308,0.88045
490,0.27407,0.11722,0.25657,0.27603
491,0.35748,0.18079,0.12134,0.71445
492,0.78106,0.19386,0.040606,0.049716
493,0.18884,0.36055,0.88794,0.10725
494,0.40648,0.40439,0.75319,0.85899
495,0.69395,0.22578,0.80208,0.42428
496,0.82948,0.66906,0.44141,0.56253
497,0.54618,0.95721,0.075173,0.73272
498,0.91234,0.43167,0.15423,0.96088
499,0.91763,0.80381,0.24724,0.059135
500,0.61854,0.79819,0.079226,0.11957
501,0.91047,0.99524,0.85316,0.1308
502,0.89386,0.2118,0.15718,0.80272
503,0.34529,0.32902,0.61666,0.16017
504,0.99639,0.76234,0.52845,0.52553
505,0.89026,0.75676,0.19122,0.70859
506,0.36382,0.96128,0.75975,0.9904
507,0.7829,0.56989,0.615,0.61044
508,0.32832,0.60851,0.15206,0.29158
509,0.15671,0.36509,0.45464,0.55088
510,0.73948,0.34355,0.6821,0.54071
511,0.63174,0.59999,0.28126,0.90052
512,0.5999,0.52563,0.62486,0.070929
513,0.24056,0.48497,0.94173,0.98375
514,0.28235,0.65565,0.5668,0.90569
515,0.79874,0.038252,0.69312,0.93899
516,0.58694,0.18992,0.97859,0.67186
517,0.30175,0.92875,0.89912,0.72655
518,0.29611,0.58298,0.64848,0.09337
519,0.22521,0.01541,0.98292,0.13547
520,0.50544,0.29368,0.16381,0.81064
521,0.56504,0.04526,0.50979,0.84529
522,0.068896,0.79473,0.62735,0.10297
523,0.1639,0.71137,0.8,0.7559
524,0.51052,0.53636,0.41777,0.32117
525,0.54154,0.58679,0.054834,0.23824
526,0.51004,0.21095,0.51914,0.8396
527,0.12192,0.41392,0.13453,0.42144
528,0.15575,0.51582,0.36697,0.65996
529,0.40915,0.83833,0.69662,0.035779
530,0.69365,0.65991,0.12958,0.7408
531,0.78077,0.48118,0.78585,0.99757
532,0.63636,0.85276,0.050309,0.38415
533,0.58181,0.48153,0.81562,0.52926
534,0.97473,0.2723,0.86694,0.78416
535,0.52964,0.7312,0.1969,0.1622
536,0.28837,0.96947,0.60739,0.90142
537,0.19621,0.37562,0.99668,0.31029
538,0.21537,0.2386,0.042374,0.67931
539,0.43766,0.2427,0.13882,0.45919
540,0.56695,0.018939,0.22295,0.66418
541,0.91558,0.98265,0.58301,0.6829
542,0.3161,0.80262,0.67111,0.24233
543,0.28102,0.56349,0.7232,0.54373
544,0.6189,0.38883,0.50444,0.16423
545,0.22044,0.65253,0.64463,0.90659
546,0.17202,0.99371,0.036369,0.57272
547,0.016418,0.71377,0.19385,0.84528
548,0.51633,0.10237,0.74955,0.9757
549,0.0024162,0.44729,0.30818,0.79637
550,0.556,0.69279,0.74905,0.55412
551,0.55573,0.33296,0.85204,0.87311
552,0.073732,0.92175,0.099355,0.26755
553,0.39691,0.63249,0.59778,0.94107
554,0.7722,0.93219,0.7206,0.99026
555,0.57254,0.42592,0.56871,0.91737
556,0.40307,0.30049,0.23511,0.037202
557,0.52332,0.88903,0.91064,0.58598
558,0.39249,0.017374,0.95062,0.42101
559,0.067025,0.14806,0.51632,0.045529
560,0.77852,0.95916,0.70709,0.92521
561,0.76431,0.71447,0.7988,0.75135
562,0.56853,0.30647,0.19969,0.060399
563,0.61446,0.8281,0.10684,0.72213
564,0.58887,0.80789,0.61857,0.28633
565,0.61663,0.90926,0.022224,0.96447
566,0.23978,0.64281,0.037562,0.14933
567,0.79108,0.62869,0.11536,0.5972
568,0.70565,0.11847,0.8187,0.46517
569,0.73788,0.91897,0.3769,0.41134
570,0.13842,0.62398,0.22916,0.88049
571,0.0054903,0.25758,0.36814,0.22489
572,0.73852,0.9513,0.17454,0.54296
573,0.81079,0.046206,0.77478,0.9476
574,0.56472,0.020927,0.33003,0.65334
575,0.055682,0.08805,0.31578,0.034097
576,0.3231,0.51784,0.72459,0.38886
577,0.93361,0.87866,0.58495,0.87392
578,0.85276,0.40218,0.77776,0.38831
579,0.68677,0.56132,0.35958,0.74691
580,0.16724,0.59816,0.18473,0.74111
581,0.67966,0.075051,0.57369,0.22978
582,0.079569,0.39149,0.48309,0.9238
583,0.561,0.35499,0.42163,0.17204
584,0.45904,0.24479,0.31733,0.83025
585,0.66507,0.10803,0.97257,0.41084
586,0.43411,0.11229,0.25822,0.77034
587,0.030703,0.2672,0.5671,0.34002
588,0.44241,0.26639,0.35207,0.89134
589,0.46707,0.93608,0.31203,0.85543
590,0.010384,0.18618,0.0093976,0.1319
591,0.59355,0.50744,0.66813,0.68237
592,0.30163,0.14759,0.88569,0.14958
593,0.82593,0.9207,0.42132,0.41037
594,0.91592,0.92946,0.85858,0.54995
595,0.26735,0.13675,0.94799,0.5518
596,0.29602,0.87157,0.37611,0.773
597,0.092474,0.012355,0.20329,0.74075
598,0.72583,0.72204,0.17917,0.90768
599,0.71746,0.87859,0.30629,0.46372
600,0.62087,0.38745,0.85031,0.4008
601,0.37612,0.24643,0.5256,0.9439
602,0.63067,0.11172,0.82844,0.095615
603,0.51729,0.84678,0.10688,0.55875
604,0.65021,0.65966,0.61714,0.3174
605,0.87125,0.77966,0.56683,0.94477
606,0.33102,0.35856,0.26094,0.6189
607,0.55754,0.18414,0.0023081,0.46439
608,0.028614,0.01018,0.28726,0.87903
609,0.22087,0.085915,0.82127,0.73269
610,0.78559,0.32947,0.89512,0.58922
611,0.2909,0.30083,0.99581,0.10064
612,0.057183,0.50657,0.0084384,0.021878
613,0.6989,0.38661,0.73284,0.084297
614,0.63833,0.9373,0.084617,0.45515
615,0.64771,0.15954,0.63335,0.18832
616,0.8826,0.77971,0.80509,0.075126
617,0.16407,0.17746,0.82996,0.32907
618,0.66667,0.80529,0.56722,0.22729
619,0.3832,0.56238,0.26004,0.33717
620,0.69323,0.47007,0.78453,0.55245
621,0.30417,0.35961,0.16921,0.96831
622,0.64963,0.37177,0.27426,0.22723
623,0.35954,0.38287,0.0049032,0.40015
624,0.91287,0.25631,0.39756,0.99077
625,0.38877,0.97204,0.026552,0.46202
626,0.67802,0.66056,0.8547,0.98453
627,0.75266,0.50529,0.20489,0.49844
628,0.19939,0.19802,0.86035,0.988
629,0.67832,0.10438,0.056125,0.5381
630,0.791,0.88841,0.22351,0.1329
631,0.72621,0.36296,0.045281,0.3392
632,0.1752,0.45371,0.75099,0.72901
633,0.10322,0.064794,0.69806,0.41564
634,0.81755,0.85076,0.91879,0.92472
635,0.9801,0.27943,0.90892,0.070292
636,0.75168,0.91192,0.80552,0.3794
637,0.90974,0.05977,0.99968,0.56516
638,0.60851,0.61597,0.80077,0.75659
639,0.4592,0.56394,0.32292,0.73367
640,0.045914,0.66827,0.025145,0.38124
641,0.59967,0.33544,0.73282,0.90466
642,0.78142,0.037794,0.47279,0.19302
643,0.81805,0.28579,0.39259,0.89035
644,0.22308,0.93125,0.86001,0.25818
645,0.7329,0.79985,0.057462,0.41366
646,0.67756,0.33107,0.38455,0.0032793
647,0.9721,0.73742,0.14184,0.54584
648,0.4116,0.56744,0.045681,0.34501
649,0.051227,0.016064,0.69799,0.64559
650,0.31527,0.42551,0.91351,0.93219
651,0.31476,0.029378,0.38355,0.58771
652,0.49274,0.78418,0.24311,0.2606
653,0.055631,0.98081,0.9071,0.89995
654,0.094983,0.68994,0.70202,0.017246
655,0.23908,0.77969,0.89564,0.22792
656,0.78244,0.59798,0.94797,0.71686
657,0.86883,0.28461,0.93669,0.099628
658,0.62398,0.74625,0.99679,0.71702
659,0.33252,0.69387,0.39694,0.23958
660,0.27125,0.44252,0.65994,0.41284
661,0.031974,0.41913,0.82295,0.28944
662,0.86933,0.15077,0.62237,0.15162
663,0.24765,0.54029,0.70051,0.3098
664,0.98542,0.19636,0.48952,0.63344
665,0.12759,0.74918,0.50882,0.022592
666,0.53295,0.71566,0.77971,0.62416
667,0.3786,0.7045,0.040486,0.20019
668,0.78377,0.73629,0.90101,0.39706
669,0.91409,0.65669,0.73205,0.46583
670,0.36112,0.8911,0.61578,0.79836
671,0.91104,0.49108,0.75519,0.221
672,0.11912,0.34178,0.28447,0.38239
673,0.034828,0.96271,0.20625,0.90679
674,0.90451,0.12494,0.65219,0.12388
675,0.93074,0.20861,0.92812,0.045057
676,0.59,0.15497,0.80457,0.6896
677,0.056448,0.8076,0.35044,0.29812
678,0.88216,0.067367,0.27019,0.99656
679,0.84952,0.4906,0.74462,0.18393
680,0.56874,0.59842,0.72299,0.55515
681,0.46059,0.36502,0.85672,0.5913
682,0.067605,0.68856,0.91882,0.49904
683,0.38321,0.85691,0.26901,0.46256
684,0.7404,0.90064,0.68815,0.15277
685,0.52233,0.9515,0.618,0.25856
686,0.49676,0.90005,0.071553,0.72238
687,0.8302,0.0065369,0.1884,0.99635
688,0.016776,0.041932,0.33557,0.55531
689,0.26406,0.87089,0.31105,0.64368
690,0.1419,0.4444,0.4202,0.68081
691,0.032971,0.44254,0.087739,0.95281
692,0.28931,0.3306,0.55987,0.3664
693,0.89387,0.93967,0.66763,0.46922
694,0.1631,0.71284,0.1153,0.12854
695,0.98898,0.93891,0.31566,0.079807
696,0.1313,0.53096,0.9808,0.54401
697,0.4673,0.021803,0.88587,0.67231
698,0.37016,0.82039,0.022758,0.84351
699,0.65756,0.2875,0.86329,0.59832
700,0.87356,0.86738,0.24499,0.062401
701,0.29488,0.86021,0.4336,0.73765
702,0.27283,0.55063,0.13538,0.15359
703,0.080891,0.45724,0.2156,0.085107
704,0.18635,0.85002,0.77473,0.049007
705,0.76001,0.34778,0.087186,0.080403
706,0.90961,0.23846,0.40038,0.21329
707,0.64462,0.050938,0.59011,0.38854
708,0.51745,0.13496,0.19652,0.28798
709,0.7016,0.57813,0.69681,0.14971
710,0.045074,0.90437,0.59297,0.63382
711,0.89025,0.77117,0.46419,0.11369
712,0.67262,0.70414,0.24115,0.73448
713,0.16487,0.42241,0.41277,0.89002
714,0.50256,0.95786,0.77049,0.44291
715,0.53182,0.75559,0.035339,0.40809
716,0.624,0.366,0.60755,0.41385
717,0.96457,0.55061,0.079474,0.8787
718,0.56917,0.22143,0.41538,0.52722
719,0.57767,0.25594,0.98548,0.12774
720,0.93749,0.73525,0.84265,0.21154
721,0.06156,0.31555,0.052403,0.16825
722,0.659,0.42241,0.72752,0.35472
723,0.099398,0.74844,0.11496,0.36456
724,0.60867,0.35309,0.48538,0.55168
725,0.80435,0.44646,0.86859,0.13134
726,0.032315,0.033935,0.016704,0.71039
727,0.52193,0.72801,0.81891,0.35499
728,0.29765,0.62138,0.78387,0.64708
729,0.66065,0.12579,0.19371,0.42528
730,0.59772,0.21546,0.91284,0.75734
731,0.061549,0.30838,0.68369,0.24296
732,0.89116,0.030952,0.88839,0.18844
733,0.95333,0.20146,0.71287,0.15274
734,0.18088,0.06743,0.48489,0.99121
735,0.073545,0.00015225,0.83322,0.97472
736,0.98803,0.63643,0.090746,0.9221
737,0.42791,0.80275,0.025492,0.4513
738,0.75898,0.39434,0.33573,0.2018
739,0.92317,0.26274,0.48692,0.37557
740,0.87212,0.28383,0.22536,0.74317
741,0.96336,0.71364,0.55471,0.9011
742,0.29676,0.19414,0.68115,0.86045
743,0.71004,0.58008,0.83494,0.97329
744,0.9011,0.24747,0.89587,0.15151
745,0.8742,0.93591,0.4376,0.12316
746,0.8286,0.56456,0.39966,0.1938
747,0.035209,0.87961,0.44012,0.25763
748,0.90614,0.99268,0.30963,0.72818
749,0.62793,0.94625,0.44695,0.22337
750,0.5726,0.47838,0.96439,0.59704
751,0.73819,0.12499,0.46235,0.17409
752,0.50822,0.064156,0.49599,0.57522
753,0.86483,0.38666,0.02154,0.45898
754,0.14024,0.55825,0.19229,0.88294
755,0.65714,0.92243,0.89813,0.006502
756,0.59299,0.93431,0.38929,0.36741
757,0.51337,0.82481,0.10205,0.16274
758,0.24462,0.18358,0.3497,0.076292
759,0.97351,0.39311,0.17855,0.90115
760,0.91621,0.91278,0.24909,0.42789
761,0.65201,0.53417,0.64098,0.54648
762,0.1105,0.45146,0.97575,0.087037
763,0.51463,0.2856,0.92066,0.5889
764,0.48105,0.62277,0.053807,0.40789
765,0.068172,0.18177,0.90308,0.61258
766,0.38884,0.92715,0.19,0.040347
767,0.8052,0.71397,0.99262,0.047968
768,0.78666,0.83237,0.3265,0.45742
769,0.11998,0.49648,0.22754,0.81953
770,0.41198,0.96322,0.94371,0.69885
771,0.79807,0.84331,0.81085,0.54994
772,0.25272,0.1139,0.92444,0.20093
773,0.58748,0.93618,0.7185,0.63799
774,0.036733,0.68836,0.87926,0.04533
775,0.68163,0.30711,0.86506,0.72075
776,0.82682,0.86065,0.35743,0.4243
777,0.69991,0.94846,0.13628,0.51579
778,0.35177,0.68184,0.80578,0.91128
779,0.48915,0.5632,0.68112,0.74963
780,0.28413,0.14997,0.43139,0.96207
781,0.26597,0.98621,0.94712,0.75738
782,0.76493,0.81502,0.95117,0.43809
783,0.58438,0.91222,0.032081,0.4555
784,0.53856,0.68397,0.27617,0.51158
785,0.99067,0.30303,0.067753,0.23361
786,0.76916,0.7318,0.82695,0.43969
787,0.5861,0.27621,0.39632,0.14422
788,0.79085,0.61524,0.58118,0.52339
789,0.54892,0.29485,0.34353,0.4038
790,0.07642,0.51828,0.97121,0.054964
791,0.47432,0.73892,0.60341,0.36432
792,0.84973,0.74402,0.66764,0.098576
793,0.40308,0.40346,0.86333,0.60997
794,0.2368,0.16093,0.42009,0.2234
795,0.54149,0.022401,0.073411,0.58067
796,0.36891,0.10588,0.8714,0.33051
797,0.75852,0.932,0.69465,0.74649
798,0.76904,0.61555,0.84142,0.78161
799,0.34631,0.63328,0.67625,0.11913
800,0.96745,0.0066872,0.7014,0.43099
801,0.35581,0.21487,0.89542,0.14534
802,0.19319,0.081003,0.58741,0.099509
803,0.091056,0.16146,0.3252,0.51368
804,0.31323,0.091804,0.99485,0.18505
805,0.95834,0.13413,0.20754,0.72528
806,0.63846,0.071796,0.28625,0.038609
807,0.20814,0.26885,0.83311,0.17525
808,0.33312,0.040067,0.77025,0.84863
809,0.34302,0.74408,0.20058,0.82991
810,0.89484,0.94483,0.76477,0.20396
811,0.50416,0.22136,0.61592,0.48753
812,0.56222,0.60057,0.96427,0.53544
813,0.78934,0.43609,0.50369,0.1955
814,0.35093,0.17356,0.4787,0.91419
815,0.22018,0.19489,0.5857,0.28277
816,0.82283,0.18912,0.97959,0.95105
817,0.076042,0.92989,0.3491,0.68317
818,0.082186,0.49054,0.261,0.61791
819,0.30972,0.79632,0.58994,0.54873
820,0.8555,0.1848,0.74538,0.77795
821,0.4743,0.22778,0.081984,0.23319
822,0.32424,0.84981,0.37496,0.11658
823,0.46004,0.49429,0.087008,0.35343
824,0.67417,0.98574,0.31815,0.09962
825,0.57406,0.17223,0.45323,0.38084
826,0.84283,0.9501,0.16108,0.97799
827,0.075822,0.38234,0.059868,0.61411
828,0.25985,0.44763,0.44487,0.57592
829,0.68756,0.35989,0.28527,0.44971
830,0.4325,0.14447,0.19918,0.44577
831,0.32373,0.81664,0.50981,0.40744
832,0.046072,0.18171,0.019478,0.89859
833,0.31035,0.83297,0.8301,0.41634
834,0.42662,0.4063,0.20039,0.68016
835,0.61557,0.42145,0.42656,0.035956
836,0.24301,0.53325,0.73309,0.17807
837,0.84472,0.43032,0.5268,0.093909
838,0.8828,0.0024213,0.2693,0.1252
839,0.92826,0.66466,0.76784,0.18853
840,0.56263,0.25679,0.95441,0.46544
841,0.30299,0.59192,0.11769,0.17177
842,0.77015,0.35785,0.024888,0.52105
843,0.50722,0.54805,0.42204,0.67529
844,0.61259,0.78069,0.064384,0.86889
845,0.68658,0.55888,0.1256,0.75694
846,0.083905,0.30169,0.092418,0.98423
847,0.71411,0.46061,0.23269,0.21984
848,0.29838,0.92092,0.21119,0.173
849,0.23319,0.88618,0.60981,0.92273
850,0.31744,0.87947,0.39453,0.89894
851,0.28202,0.97034,0.7267,0.3772
852,0.25056,0.75231,0.9613,0.1372
853,0.12354,0.015543,0.75022,0.14225
854,0.66814,0.99234,0.07874,0.0067718
855,0.27839,0.45576,0.86795,0.80793
856,0.24757,0.5205,0.36277,0.82481
857,0.56877,0.088893,0.79701,0.91496
858,0.051348,0.7851,0.78639,0.34894
859,0.82317,0.71769,0.33135,0.45664
860,0.036945,0.5454,0.94999,0.64561
861,0.26717,0.74414,0.82849,0.6735
862,0.30219,0.68732,0.62913,0.97591
863,0.6623,0.61129,0.29562,0.61336
864,0.62576,0.082342,0.617,0.92775
865,0.71234,0.377,0.9885,0.92817
866,0.27583,0.40497,0.34401,0.99772
867,0.99608,0.68738,0.23964,0.26829
868,0.30045,0.40501,0.00039711,0.94614
869,0.50127,0.55447,0.90929,0.11213
870,0.13232,0.61827,0.62754,0.86996
871,0.89756,0.41746,0.78623,0.10951
872,0.23794,0.84488,0.74872,0.8983
873,0.06709,0.55151,0.6169,0.63519
874,0.36562,0.81315,0.1834,0.60099
875,0.98901,0.3154,0.84359,0.46842
876,0.21202,0.85936,0.71599,0.5139
877,0.28753,0.21737,0.6518,0.54477
878,0.50459,0.11536,0.61281,0.69025
879,0.63057,0.085872,0.87379,0.56303
880,0.39318,0.15463,0.79268,0.20387
881,0.67996,0.80218,0.72442,0.37518
882,0.13003,0.96447,0.40915,0.63086
883,0.070238,0.19679,0.99765,0.51516
884,0.045384,0.77805,0.62381,0.1288
885,0.55393,0.026483,0.35317,0.82981
886,0.89082,0.11388,0.18272,0.83944
887,0.58579,0.18662,0.3209,0.32348
888,0.53155,0.92541,0.25561,0.15839
889,0.64404,0.54971,0.94108,0.85718
890,0.40751,0.031173,0.89291,0.31745
891,0.26137,0.87656,0.98805,0.26964
892,0.60921,0.95021,0.95247,0.86061
893,0.63279,0.4828,0.87421,0.80122
894,0.75927,0.4329,0.16224,0.26247
895,0.23389,0.61981,0.14669,0.89885
896,0.28873,0.23026,0.6498,0.12589
897,0.022698,0.70055,0.79009,0.85653
898,0.29144,0.98099,0.072302,0.82472
899,0.35408,0.16352,0.24452,0.45387
900,0.64963,0.63078,0.010707,0.12809
901,0.6076,0.64179,0.23254,0.082199
902,0.75617,0.63653,0.25485,0.17417
903,0.88436,0.98721,0.91219,0.72745
904,0.8955,0.38691,0.36755,0.48697
905,0.078076,0.26172,0.038034,0.50692
906,0.52587,0.45781,0.65083,0.91994
907,0.045145,0.11437,0.81637,0.21547
908,0.79661,0.3581,0.08375,0.13585
909,0.31483,0.78535,0.011481,0.4419
910,0.23551,0.30512,0.36562,0.22208
911,0.26744,0.73067,0.41277,0.23607
912,0.14238,0.64508,0.41602,0.2754
913,0.19385,0.83937,0.46338,0.13812
914,0.83339,0.52061,0.46601,0.17638
915,0.7451,0.38141,0.54816,0.37232
916,0.74385,0.61925,0.53269,0.98673
917,0.26594,0.60476,0.50769,0.85885
918,0.11342,0.53555,0.78109,0.73399
919,0.048981,0.73011,0.28997,0.58977
920,0.27612,0.37631,0.5505,0.23884
921,0.65736,0.12174,0.57467,0.24243
922,0.6267,0.36692,0.20389,0.018924
923,0.57411,0.81078,0.55524,0.81626
924,0.20036,0.8977,0.21412,0.71293
925,0.40937,0.34671,0.54916,0.77486
926,0.28431,0.015903,0.06977,0.29575
927,0.83408,0.028783,0.86045,0.79832
928,0.75735,0.84964,0.20838,0.50861
929,0.86591,0.93956,0.23863,0.1179
930,0.41693,0.76271,0.38059,0.87617
931,0.74251,0.9658,0.28737,0.20544
932,0.069935,0.49272,0.75052,0.29195
933,0.95845,0.55494,0.31894,0.29084
934,0.68719,0.65224,0.10737,0.87544
935,0.26003,0.97313,0.80614,0.16099
936,0.73563,0.90373,0.25206,0.72281
937,0.47862,0.025045,0.5039,0.80557
938,0.87137,0.57432,0.039851,0.74183
939,0.32255,0.72938,0.62419,0.79209
940,0.56102,0.15167,0.38744,0.69782
941,0.24585,0.049482,0.30827,0.7784
942,0.13449,0.53494,0.33205,0.36519
943,0.23761,0.039868,0.93159,0.90967
944,0.36367,0.49998,0.46799,0.55316
945,0.68809,0.21033,7.0993e-05,0.85643
946,0.03902,0.47599,0.72578,0.95751
947,0.68873,0.65405,0.39948,0.8051
948,0.26082,0.048973,0.022924,0.41796
949,0.85659,0.85831,0.63774,0.60293
950,0.54611,0.039508,0.43935,0.52306
951,0.4605,0.64055,0.59177,0.6083
952,0.15267,0.50643,0.61798,0.17561
953,0.25579,0.57712,0.4541,0.51805
954,0.39165,0.87905,0.049085,0.49683
955,0.96461,0.18435,0.71969,0.84621
956,0.51942,0.20146,0.74009,0.57281
957,0.12088,0.13196,0.4048,0.17605
958,0.91489,0.82221,0.051413,0.1297
959,0.45661,0.73534,0.948,0.65725
960,0.90468,0.89349,0.87739,0.21312
961,0.2919,0.15968,0.82765,0.44542
962,0.78219,0.42229,0.44864,0.74519
963,0.055907,0.62891,0.88447,0.66551
964,0.21304,0.59678,0.85372,0.2994
965,0.77654,0.29574,0.64774,0.77256
966,0.69681,0.78202,0.50678,0.3554
967,0.90788,0.38177,0.076023,0.09012
968,0.60888,0.98477,0.36241,0.72718
969,0.54456,0.20513,0.23109,0.71652
970,0.75312,0.77975,0.86018,0.081067
971,0.87726,0.84502,0.63439,0.73651
972,0.89377,0.46129,0.73146,0.083746
973,0.85583,0.67913,0.15636,0.89169
974,0.68324,0.79715,0.94965,0.88809
975,0.40761,0.23557,0.40042,0.56934
976,0.047855,0.75223,0.61139,0.84704
977,0.23843,0.92006,0.79849,0.12662
978,0.013959,0.99464,0.68637,0.20471
979,0.3817,0.88296,4.8345e-05,0.04947
980,0.90712,0.5034,0.50266,0.69238
981,0.3036,0.0058802,0.98562,0.29329
982,0.86733,0.015086,0.0070037,0.74785
983,0.14717,0.095937,0.040929,0.53474
984,0.30991,0.78696,0.10342,0.32792
985,0.41824,0.55359,0.60341,0.92102
986,0.21018,0.71952,0.04619,0.82847
987,0.76745,0.22848,0.42187,0.52299
988,0.24255,0.012692,0.35586,0.12268
989,0.88614,0.12022,0.69767,0.09234
990,0.29754,0.63298,0.36298,0.67296
991,0.19068,0.015211,0.32456,0.71043
992,0.72412,0.94027,0.67748,0.98087
993,0.95681,0.99957,0.58325,0.96235
994,0.90147,0.37822,0.24045,0.40207
995,0.70058,0.89521,0.37487,0.18692
996,0.81347,0.59005,0.20473,0.38935
997,0.86642,0.83506,0.25864,0.88512
998,0.88821,0.48235,0.84731,0.59522
999,0.23045,0.059441,0.42704,0.6282
1000,0.62648,0.46034,0.65698,0.96066
1001,0.24394,0.31871,0.53127,0.23976
1002,0.44268,0.91016,0.93702,0.31803
1003,0.78279,0.89786,0.33342,0.2862
1004,0.71583,0.65117,0.36091,0.91801
1005,0.24463,0.24605,0.74649,0.80855
1006,0.73783,0.23402,0.86393,0.97746
1007,0.90781,0.54843,0.022054,0.1731
1008,0.84223,0.39282,0.84952,0.80519
1009,0.97147,0.75479,0.80763,0.3644
1010,0.14286,0.39257,0.54278,0.56188
1011,0.85691,0.26542,0.43378,0.28841
1012,0.76205,0.34689,0.60244,0.71868
1013,0.76026,0.93426,0.33511,0.32852
1014,0.45942,0.37385,0.77811,0.67699
1015,0.38408,0.48253,0.09672,0.83355
1016,0.10743,0.23821,0.45195,0.042501
1017,0.45547,0.53125,0.76195,0.96417
1018,0.14725,0.21012,0.62583,0.1322
1019,0.29359,0.29521,0.0014915,0.13686
1020,0.38042,0.53199,0.017172,0.65243
1021,0.92455,0.50758,0.45685,0.33012
1022,0.19347,0.49912,0.22156,0.97763
1023,0.65505,0.9115,0.37142,0.66334
1024,0.39423,0.73034,0.44123,0.91564
1025,0.19349,0.89971,0.06069,0.14417
1026,0.031735,0.80492,0.36404,0.10404
1027,0.80182,0.44793,0.37687,0.93968
1028,0.31333,0.23501,0.30124,0.73453
1029,0.74694,0.067124,0.91839,0.02326
1030,0.59063,0.2842,0.47735,0.10807
1031,0.29643,0.43174,0.18039,0.10735
1032,0.8155,0.45512,0.29704,0.28182
1033,0.89251,0.97935,0.8293,0.86278
1034,0.58958,0.92691,0.61812,0.10976
1035,0.81519,0.59757,0.6636,0.57409
1036,0.55513,0.58368,0.6162,0.92195
1037,0.81457,0.11307,0.26127,0.97837
1038,0.038354,0.3992,0.8725,0.9044
1039,0.84849,0.94288,0.0053681,0.050672
1040,0.11449,0.21432,0.36526,0.41246
1041,0.15117,0.17045,0.59197,0.31165
1042,0.72803,0.34688,0.92484,0.42323
1043,0.20197,0.62019,0.458,0.9148
1044,0.73801,0.43574,0.42421,0.28466
1045,0.86717,0.41583,0.65496,0.57495
1046,0.20904,0.2852,0.76424,0.80654
1047,0.72876,0.90509,0.37964,0.71863
1048,0.6133,0.68278,0.45407,0.90114
1049,0.51297,0.10426,0.6438,0.055391
1050,0.95934,0.083478,0.73515,0.8601
1051,0.18444,0.013394,0.63382,0.0077555
1052,0.20074,0.91876,0.78294,0.71789
1053,0.65912,0.36757,0.034487,0.7109
1054,0.73911,0.42202,0.10086,0.17554
1055,0.37437,0.57571,0.041741,0.86966
1056,0.97608,0.18602,0.16052,0.15656
1057,0.035211,0.022226,0.835,0.91196
1058,0.32825,0.658,0.55943,0.23381
1059,0.65096,0.45865,0.17202,0.68606
1060,0.03935,0.19999,0.9388,0.6399
1061,0.13562,0.19652,0.54216,0.15759
1062,0.23874,0.69357,0.83026,0.28969
1063,0.85936,0.74742,0.31744,0.19852
1064,0.91448,0.54333,0.23274,0.93181
1065,0.0076076,0.52586,0.70199,0.54073
1066,0.24618,0.40671,0.51978,0.95256
1067,0.60973,0.55697,0.28615,0.21746
1068,0.98451,0.73063,0.027673,0.64503
1069,0.97931,0.29351,0.1528,0.78622
1070,0.61919,0.78456,0.78392,0.40026
1071,0.94832,0.075819,0.51875,0.8368
1072,0.37376,0.47168,0.41682,0.16305
1073,0.22757,0.39916,0.10855,0.20331
1074,0.56818,0.91111,0.63143,0.34398
1075,0.56008,0.42802,0.12673,0.24913
1076,0.2811,0.94508,0.58064,0.3457
1077,0.8722,0.40453,0.1845,0.98638
1078,0.84564,0.2425,0.49491,0.62395
1079,0.64798,0.87262,0.33544,0.59626
1080,0.72367,0.49399,0.20685,0.57729
1081,0.26674,0.42357,0.10517,0.40303
1082,0.12199,0.55237,0.15363,0.54545
1083,0.15085,0.24857,0.87333,0.77743
1084,0.66791,0.25716,0.72437,0.4704
1085,0.33655,0.20974,0.0035842,0.088387
1086,0.61769,0.58062,0.81042,0.9339
1087,0.77533,0.83515,0.24562,0.043598
1088,0.73294,0.85266,0.88594,0.6487
1089,0.73628,0.6439,0.83928,0.73302
1090,0.059901,0.98501,0.35557,0.093224
1091,0.22705,0.97898,0.31525,0.78555
1092,0.46628,0.68263,0.15419,0.92482
1093,0.89896,0.78548,0.38842,0.56425
1094,0.54424,0.3488,0.30544,0.45425
1095,0.057137,0.78051,0.82118,0.79354
1096,0.79449,0.046397,0.27988,0.28378
1097,0.77485,0.35283,0.85145,0.9921
1098,0.50902,0.357,0.19529,0.98598
1099,0.025752,0.12974,0.355,0.53618
1100,0.97553,0.98225,0.34598,0.8944
1101,0.24237,0.41575,0.58563,0.23555
1102,0.90101,0.40649,0.45625,0.47851
1103,0.44838,0.78269,0.038449,0.90757
1104,0.062794,0.4332,0.38002,0.66374
1105,0.099259,0.57628,0.54649,0.43575
1106,0.3685,0.65047,0.068258,0.85399
1107,0.51353,0.033011,0.21323,0.39604
1108,0.38007,0.40401,0.7719,0.46861
1109,0.0016966,0.95894,0.63038,0.45
1110,0.71758,0.59552,0.80872,0.32398
1111,0.34508,0.93308,0.02149,0.87082
1112,0.65639,0.93704,0.011757,0.8833
1113,0.16933,0.75574,0.3988,0.34301
1114,0.62115,0.53891,0.2097,0.95392
1115,0.42461,0.82429,0.58791,0.30973
1116,0.67708,0.010747,0.82272,0.93151
1117,0.17881,0.74652,0.74908,0.1619
1118,0.88746,0.10303,0.92914,0.95294
1119,0.15993,0.048411,0.52455,0.87852
1120,0.097846,0.18569,0.53865,0.50717
1121,0.76144,0.47284,0.66729,0.018244
1122,0.89408,0.0096356,0.87126,0.77815
1123,0.24773,0.85818,0.18132,0.35946
1124,0.59723,0.47349,0.69911,0.84855
1125,0.076617,0.14993,0.18891,0.43306
1126,0.26655,0.24545,0.19982,0.60578
1127,0.84633,0.056791,0.77097,0.37758
1128,0.68406,0.20524,0.5299,0.72141
1129,0.48742,0.46549,0.0047146,0.31617
1130,0.35678,0.46098,0.95536,0.94935
1131,0.21333,0.35106,0.87728,0.84975
1132,0.22884,0.441,0.87231,0.7756
1133,0.76478,0.32941,0.49403,0.29952
1134,0.39614,0.5721,0.5311,0.8727
1135,0.82266,0.99235,0.032261,0.37508
1136,0.52503,0.71785,0.75016,0.79842
1137,0.10274,0.361,0.75835,0.81679
1138,0.048383,0.57273,0.58356,0.99901
1139,0.93888,0.38033,0.37012,0.045089
1140,0.61474,0.37208,0.492,0.2368
1141,0.9919,0.42427,0.52718,0.43091
1142,0.47678,0.74313,0.44872,0.84724
1143,0.98266,0.36008,0.1424,0.38644
1144,0.57207,0.62649,0.65274,0.12281
1145,0.2325,0.85287,0.67467,0.91526
1146,0.11702,0.12002,0.74976,0.18233
1147,0.13038,0.17434,0.30593,0.59078
1148,0.74182,0.95063,0.80435,0.81235
1149,0.13831,0.9775,0.29997,0.26116
1150,0.18715,0.252,0.27409,0.98581
1151,0.39648,0.28462,0.27048,0.44126
1152,0.336,0.83829,0.76349,0.22526
1153,0.45872,0.8021,0.31858,0.18472
1154,0.10292,0.36996,0.357,0.69824
1155,0.17047,0.36281,0.67548,0.8752
1156,0.6414,0.27174,0.033538,0.76896
1157,0.78768,0.25947,0.15002,0.26143
1158,0.37236,0.99439,0.42155,0.98571
1159,0.3066,0.046263,0.21289,0.044184
1160,0.89764,0.67633,0.76007,0.34415
1161,0.72439,0.50168,0.64331,0.67318
1162,0.4067,0.11329,0.83965,0.056734
1163,0.18636,0.46131,0.2078,0.054571
1164,0.051584,0.71863,0.43835,0.56487
1165,0.94396,0.9606,0.73212,0.65095
1166,0.42062,0.5289,0.10475,0.23703
